,Logistic Regression
0,"[0.9983119513841998, 0.9984804997467499, 0.9983962184519287, array([0.00000000e+00, 0.00000000e+00, 0.00000000e+00, 1.48323939e-04,
       1.48323939e-04, 2.96647879e-04, 2.96647879e-04, 4.44971818e-04,
       4.44971818e-04, 5.93295758e-04, 5.93295758e-04, 7.41619697e-04,
       7.41619697e-04, 8.89943637e-04, 8.89943637e-04, 1.33491546e-03,
       1.33491546e-03, 1.48323939e-03, 1.48323939e-03, 1.63156333e-03,
       1.63156333e-03, 1.77988727e-03, 1.77988727e-03, 2.22485909e-03,
       2.22485909e-03, 3.41145061e-03, 3.41145061e-03, 4.15307031e-03,
       4.15307031e-03, 6.08128152e-03, 6.08128152e-03, 6.52625334e-03,
       6.52625334e-03, 8.15781667e-03, 8.15781667e-03, 1.00000000e+00]), array([0.00000000e+00, 1.68833361e-04, 9.53739659e-01, 9.53739659e-01,
       9.56440993e-01, 9.56440993e-01, 9.93415499e-01, 9.93415499e-01,
       9.93753166e-01, 9.93753166e-01, 9.97298666e-01, 9.97298666e-01,
       9.97805166e-01, 9.97805166e-01, 9.98142833e-01, 9.98142833e-01,
       9.98311666e-01, 9.98311666e-01, 9.98480500e-01, 9.98480500e-01,
       9.98649333e-01, 9.98649333e-01, 9.98818166e-01, 9.98818166e-01,
       9.98987000e-01, 9.98987000e-01, 9.99155833e-01, 9.99155833e-01,
       9.99493500e-01, 9.99493500e-01, 9.99662333e-01, 9.99662333e-01,
       9.99831167e-01, 9.99831167e-01, 1.00000000e+00, 1.00000000e+00]), 0.9999787894011916, array([0.9907996 , 0.99079806, 0.99096386, ..., 1.        , 1.        ,
       1.        ]), array([1.00000000e+00, 9.99831167e-01, 9.99831167e-01, ...,
       3.37666723e-04, 1.68833361e-04, 0.00000000e+00]), 0.9999755459130659, 24.150943517684937]"
1,"[0.998812527831379, 0.9980717887867102, 0.9984420209214333, array([0.00000000e+00, 0.00000000e+00, 0.00000000e+00, 1.68833361e-04,
       1.68833361e-04, 3.37666723e-04, 3.37666723e-04, 5.06500084e-04,
       5.06500084e-04, 6.75333446e-04, 6.75333446e-04, 1.18183353e-03,
       1.18183353e-03, 1.35066689e-03, 1.35066689e-03, 1.51950025e-03,
       1.51950025e-03, 1.85716698e-03, 1.85716698e-03, 2.19483370e-03,
       2.19483370e-03, 2.36366706e-03, 2.36366706e-03, 2.53250042e-03,
       2.53250042e-03, 2.70133378e-03, 2.70133378e-03, 8.27283471e-03,
       8.27283471e-03, 1.53638359e-02, 1.53638359e-02, 1.84028364e-02,
       1.84028364e-02, 7.29360122e-02, 7.29360122e-02, 1.00000000e+00]), array([0.00000000e+00, 1.48323939e-04, 9.92435479e-01, 9.92435479e-01,
       9.93325423e-01, 9.93325423e-01, 9.95550282e-01, 9.95550282e-01,
       9.96143578e-01, 9.96143578e-01, 9.97626817e-01, 9.97626817e-01,
       9.97923465e-01, 9.97923465e-01, 9.98071789e-01, 9.98071789e-01,
       9.98220113e-01, 9.98220113e-01, 9.98516761e-01, 9.98516761e-01,
       9.98665085e-01, 9.98665085e-01, 9.99110056e-01, 9.99110056e-01,
       9.99258380e-01, 9.99258380e-01, 9.99406704e-01, 9.99406704e-01,
       9.99555028e-01, 9.99555028e-01, 9.99703352e-01, 9.99703352e-01,
       9.99851676e-01, 9.99851676e-01, 1.00000000e+00, 1.00000000e+00]), 0.9999772618374049, array([0.93978255, 0.93977415, 0.93990519, ..., 1.        , 1.        ,
       1.        ]), array([1.00000000e+00, 9.99851676e-01, 9.99851676e-01, ...,
       2.96647879e-04, 1.48323939e-04, 0.00000000e+00]), 0.999980660354758, 23.074012994766235]"
2,"[0.9605819658264253, 0.9530043638804968, 0.9567781615974387, array([0.00000000e+00, 0.00000000e+00, 0.00000000e+00, 7.89577576e-05,
       7.89577576e-05, 1.57915515e-04, 1.57915515e-04, 2.36873273e-04,
       2.36873273e-04, 3.15831030e-04, 3.15831030e-04, 3.94788788e-04,
       3.94788788e-04, 4.73746546e-04, 4.73746546e-04, 5.52704303e-04,
       5.52704303e-04, 6.31662061e-04, 6.31662061e-04, 7.10619818e-04,
       7.10619818e-04, 7.89577576e-04, 7.89577576e-04, 8.68535334e-04,
       8.68535334e-04, 9.47493091e-04, 9.47493091e-04, 1.02645085e-03,
       1.02645085e-03, 1.10540861e-03, 1.10540861e-03, 1.18436636e-03,
       1.18436636e-03, 1.26332412e-03, 1.26332412e-03, 1.34228188e-03,
       1.34228188e-03, 1.42123964e-03, 1.42123964e-03, 1.50019739e-03,
       1.50019739e-03, 1.57915515e-03, 1.57915515e-03, 1.65811291e-03,
       1.65811291e-03, 1.73707067e-03, 1.73707067e-03, 1.81602842e-03,
       1.81602842e-03, 1.89498618e-03, 1.89498618e-03, 1.97394394e-03,
       1.97394394e-03, 2.13185946e-03, 2.13185946e-03, 2.21081721e-03,
       2.21081721e-03, 2.28977497e-03, 2.28977497e-03, 2.36873273e-03,
       2.36873273e-03, 2.44769049e-03, 2.44769049e-03, 2.52664824e-03,
       2.52664824e-03, 2.60560600e-03, 2.60560600e-03, 2.68456376e-03,
       2.68456376e-03, 2.76352152e-03, 2.76352152e-03, 2.84247927e-03,
       2.84247927e-03, 2.92143703e-03, 2.92143703e-03, 3.00039479e-03,
       3.00039479e-03, 3.07935255e-03, 3.07935255e-03, 3.15831030e-03,
       3.15831030e-03, 3.23726806e-03, 3.23726806e-03, 3.31622582e-03,
       3.31622582e-03, 3.39518358e-03, 3.39518358e-03, 3.47414133e-03,
       3.47414133e-03, 3.55309909e-03, 3.55309909e-03, 3.63205685e-03,
       3.63205685e-03, 3.71101461e-03, 3.71101461e-03, 3.78997236e-03,
       3.78997236e-03, 3.86893012e-03, 3.86893012e-03, 3.94788788e-03,
       3.94788788e-03, 4.02684564e-03, 4.02684564e-03, 4.10580340e-03,
       4.10580340e-03, 4.18476115e-03, 4.18476115e-03, 4.26371891e-03,
       4.26371891e-03, 4.34267667e-03, 4.34267667e-03, 4.50059218e-03,
       4.50059218e-03, 4.57954994e-03, 4.57954994e-03, 4.65850770e-03,
       4.65850770e-03, 4.73746546e-03, 4.73746546e-03, 4.81642321e-03,
       4.81642321e-03, 4.89538097e-03, 4.89538097e-03, 4.97433873e-03,
       4.97433873e-03, 5.05329649e-03, 5.05329649e-03, 5.13225424e-03,
       5.13225424e-03, 5.29016976e-03, 5.29016976e-03, 5.36912752e-03,
       5.36912752e-03, 5.44808527e-03, 5.44808527e-03, 5.52704303e-03,
       5.52704303e-03, 5.60600079e-03, 5.60600079e-03, 5.68495855e-03,
       5.68495855e-03, 5.76391630e-03, 5.76391630e-03, 5.84287406e-03,
       5.84287406e-03, 5.92183182e-03, 5.92183182e-03, 6.00078958e-03,
       6.00078958e-03, 6.07974734e-03, 6.07974734e-03, 6.15870509e-03,
       6.15870509e-03, 6.23766285e-03, 6.23766285e-03, 6.31662061e-03,
       6.31662061e-03, 6.39557837e-03, 6.39557837e-03, 6.55349388e-03,
       6.55349388e-03, 6.71140940e-03, 6.71140940e-03, 6.86932491e-03,
       6.86932491e-03, 7.10619818e-03, 7.10619818e-03, 7.18515594e-03,
       7.18515594e-03, 7.26411370e-03, 7.26411370e-03, 7.34307146e-03,
       7.34307146e-03, 7.42202921e-03, 7.42202921e-03, 7.50098697e-03,
       7.50098697e-03, 7.57994473e-03, 7.57994473e-03, 7.73786024e-03,
       7.73786024e-03, 7.81681800e-03, 7.81681800e-03, 7.89577576e-03,
       7.89577576e-03, 7.97473352e-03, 7.97473352e-03, 8.05369128e-03,
       8.05369128e-03, 8.13264903e-03, 8.13264903e-03, 8.21160679e-03,
       8.21160679e-03, 8.29056455e-03, 8.29056455e-03, 8.36952231e-03,
       8.36952231e-03, 8.44848006e-03, 8.44848006e-03, 8.52743782e-03,
       8.52743782e-03, 8.84326885e-03, 8.84326885e-03, 8.92222661e-03,
       8.92222661e-03, 9.08014212e-03, 9.08014212e-03, 9.15909988e-03,
       9.15909988e-03, 9.23805764e-03, 9.23805764e-03, 9.31701540e-03,
       9.31701540e-03, 9.47493091e-03, 9.47493091e-03, 9.71180418e-03,
       9.71180418e-03, 9.86971970e-03, 9.86971970e-03, 9.94867746e-03,
       9.94867746e-03, 1.00276352e-02, 1.00276352e-02, 1.01065930e-02,
       1.01065930e-02, 1.01855507e-02, 1.01855507e-02, 1.02645085e-02,
       1.02645085e-02, 1.03434662e-02, 1.03434662e-02, 1.04224240e-02,
       1.04224240e-02, 1.05013818e-02, 1.05013818e-02, 1.05803395e-02,
       1.05803395e-02, 1.06592973e-02, 1.06592973e-02, 1.07382550e-02,
       1.07382550e-02, 1.08172128e-02, 1.08172128e-02, 1.10540861e-02,
       1.10540861e-02, 1.11330438e-02, 1.11330438e-02, 1.12120016e-02,
       1.12120016e-02, 1.13699171e-02, 1.13699171e-02, 1.14488749e-02,
       1.14488749e-02, 1.16067904e-02, 1.16067904e-02, 1.17647059e-02,
       1.17647059e-02, 1.18436636e-02, 1.18436636e-02, 1.19226214e-02,
       1.19226214e-02, 1.20015792e-02, 1.20015792e-02, 1.20805369e-02,
       1.20805369e-02, 1.21594947e-02, 1.21594947e-02, 1.22384524e-02,
       1.22384524e-02, 1.23963679e-02, 1.23963679e-02, 1.26332412e-02,
       1.26332412e-02, 1.27911567e-02, 1.27911567e-02, 1.29490722e-02,
       1.29490722e-02, 1.30280300e-02, 1.30280300e-02, 1.31859455e-02,
       1.31859455e-02, 1.36596921e-02, 1.36596921e-02, 1.37386498e-02,
       1.37386498e-02, 1.42123964e-02, 1.42123964e-02, 1.42913541e-02,
       1.42913541e-02, 1.43703119e-02, 1.43703119e-02, 1.44492696e-02,
       1.44492696e-02, 1.46071852e-02, 1.46071852e-02, 1.46861429e-02,
       1.46861429e-02, 1.47651007e-02, 1.47651007e-02, 1.48440584e-02,
       1.48440584e-02, 1.50019739e-02, 1.50019739e-02, 1.50809317e-02,
       1.50809317e-02, 1.52388472e-02, 1.52388472e-02, 1.53178050e-02,
       1.53178050e-02, 1.54757205e-02, 1.54757205e-02, 1.55546782e-02,
       1.55546782e-02, 1.56336360e-02, 1.56336360e-02, 1.59494670e-02,
       1.59494670e-02, 1.60284248e-02, 1.60284248e-02, 1.61073826e-02,
       1.61073826e-02, 1.61863403e-02, 1.61863403e-02, 1.63442558e-02,
       1.63442558e-02, 1.64232136e-02, 1.64232136e-02, 1.65811291e-02,
       1.65811291e-02, 1.66600869e-02, 1.66600869e-02, 1.67390446e-02,
       1.67390446e-02, 1.68969601e-02, 1.68969601e-02, 1.73707067e-02,
       1.73707067e-02, 1.75286222e-02, 1.75286222e-02, 1.76075799e-02,
       1.76075799e-02, 1.79234110e-02, 1.79234110e-02, 1.80023687e-02,
       1.80023687e-02, 1.82392420e-02, 1.82392420e-02, 1.83971575e-02,
       1.83971575e-02, 1.87129886e-02, 1.87129886e-02, 1.87919463e-02,
       1.87919463e-02, 1.88709041e-02, 1.88709041e-02, 1.89498618e-02,
       1.89498618e-02, 1.91077773e-02, 1.91077773e-02, 1.93446506e-02,
       1.93446506e-02, 1.94236084e-02, 1.94236084e-02, 1.95815239e-02,
       1.95815239e-02, 1.98973549e-02, 1.98973549e-02, 2.00552704e-02,
       2.00552704e-02, 2.02921437e-02, 2.02921437e-02, 2.05290170e-02,
       2.05290170e-02, 2.11606790e-02, 2.11606790e-02, 2.13185946e-02,
       2.13185946e-02, 2.16344256e-02, 2.16344256e-02, 2.17133833e-02,
       2.17133833e-02, 2.27398342e-02, 2.27398342e-02, 2.28187919e-02,
       2.28187919e-02, 2.31346230e-02, 2.31346230e-02, 2.34504540e-02,
       2.34504540e-02, 2.35294118e-02, 2.35294118e-02, 2.38452428e-02,
       2.38452428e-02, 2.39242006e-02, 2.39242006e-02, 2.43189893e-02,
       2.43189893e-02, 2.43979471e-02, 2.43979471e-02, 2.47927359e-02,
       2.47927359e-02, 2.48716936e-02, 2.48716936e-02, 2.51875247e-02,
       2.51875247e-02, 2.52664824e-02, 2.52664824e-02, 2.53454402e-02,
       2.53454402e-02, 2.54243979e-02, 2.54243979e-02, 2.58191867e-02,
       2.58191867e-02, 2.59771023e-02, 2.59771023e-02, 2.60560600e-02,
       2.60560600e-02, 2.64508488e-02, 2.64508488e-02, 2.66087643e-02,
       2.66087643e-02, 2.68456376e-02, 2.68456376e-02, 2.69245953e-02,
       2.69245953e-02, 2.71614686e-02, 2.71614686e-02, 2.74772996e-02,
       2.74772996e-02, 2.80300039e-02, 2.80300039e-02, 2.81089617e-02,
       2.81089617e-02, 2.84247927e-02, 2.84247927e-02, 2.85827083e-02,
       2.85827083e-02, 2.88985393e-02, 2.88985393e-02, 2.89774970e-02,
       2.89774970e-02, 2.91354126e-02, 2.91354126e-02, 2.93722858e-02,
       2.93722858e-02, 3.01618634e-02, 3.01618634e-02, 3.07145677e-02,
       3.07145677e-02, 3.11093565e-02, 3.11093565e-02, 3.18199763e-02,
       3.18199763e-02, 3.22147651e-02, 3.22147651e-02, 3.22937229e-02,
       3.22937229e-02, 3.25305961e-02, 3.25305961e-02, 3.26885116e-02,
       3.26885116e-02, 3.28464272e-02, 3.28464272e-02, 3.29253849e-02,
       3.29253849e-02, 3.35570470e-02, 3.35570470e-02, 3.36360047e-02,
       3.36360047e-02, 3.37939203e-02, 3.37939203e-02, 3.40307935e-02,
       3.40307935e-02, 3.42676668e-02, 3.42676668e-02, 3.45045401e-02,
       3.45045401e-02, 3.48993289e-02, 3.48993289e-02, 3.52941176e-02,
       3.52941176e-02, 3.56099487e-02, 3.56099487e-02, 3.63205685e-02,
       3.63205685e-02, 3.66363995e-02, 3.66363995e-02, 3.67943150e-02,
       3.67943150e-02, 3.68732728e-02, 3.68732728e-02, 3.73470193e-02,
       3.73470193e-02, 3.74259771e-02, 3.74259771e-02, 3.78207659e-02,
       3.78207659e-02, 3.79786814e-02, 3.79786814e-02, 3.82155547e-02,
       3.82155547e-02, 3.87682590e-02, 3.87682590e-02, 3.88472167e-02,
       3.88472167e-02, 3.90051323e-02, 3.90051323e-02, 3.95578366e-02,
       3.95578366e-02, 4.03474141e-02, 4.03474141e-02, 4.22424003e-02,
       4.22424003e-02, 4.31898934e-02, 4.31898934e-02, 4.33478089e-02,
       4.33478089e-02, 4.38215555e-02, 4.38215555e-02, 4.50848796e-02,
       4.50848796e-02, 4.51638373e-02, 4.51638373e-02, 4.57165417e-02,
       4.57165417e-02, 4.68219503e-02, 4.68219503e-02, 4.71377813e-02,
       4.71377813e-02, 4.77694433e-02, 4.77694433e-02, 4.79273589e-02,
       4.79273589e-02, 4.80063166e-02, 4.80063166e-02, 4.86379787e-02,
       4.86379787e-02, 4.92696407e-02, 4.92696407e-02, 4.93485985e-02,
       4.93485985e-02, 5.01381761e-02, 5.01381761e-02, 5.20331623e-02,
       5.20331623e-02, 5.21910778e-02, 5.21910778e-02, 5.28227398e-02,
       5.28227398e-02, 5.32964864e-02, 5.32964864e-02, 5.45598105e-02,
       5.45598105e-02, 5.48756415e-02, 5.48756415e-02, 5.53493881e-02,
       5.53493881e-02, 5.66127122e-02, 5.66127122e-02, 5.76391630e-02,
       5.76391630e-02, 5.77181208e-02, 5.77181208e-02, 5.96131070e-02,
       5.96131070e-02, 5.99289380e-02, 5.99289380e-02, 6.02447690e-02,
       6.02447690e-02, 6.04816423e-02, 6.04816423e-02, 6.10343466e-02,
       6.10343466e-02, 6.22976707e-02, 6.22976707e-02, 6.29293328e-02,
       6.29293328e-02, 6.48243190e-02, 6.48243190e-02, 6.52980655e-02,
       6.52980655e-02, 6.53770233e-02, 6.53770233e-02, 6.57718121e-02,
       6.57718121e-02, 6.66403474e-02, 6.66403474e-02, 6.68772207e-02,
       6.68772207e-02, 6.70351362e-02, 6.70351362e-02, 6.72720095e-02,
       6.72720095e-02, 6.75878405e-02, 6.75878405e-02, 6.80615871e-02,
       6.80615871e-02, 6.86142914e-02, 6.86142914e-02, 7.20884327e-02,
       7.20884327e-02, 7.27200947e-02, 7.27200947e-02, 7.37465456e-02,
       7.37465456e-02, 7.41413344e-02, 7.41413344e-02, 7.72206869e-02,
       7.72206869e-02, 8.12475326e-02, 8.12475326e-02, 8.20371101e-02,
       8.20371101e-02, 8.33793920e-02, 8.33793920e-02, 8.48006317e-02,
       8.48006317e-02, 8.68535334e-02, 8.68535334e-02, 8.82747730e-02,
       8.82747730e-02, 8.87485195e-02, 8.87485195e-02, 9.15909988e-02,
       9.15909988e-02, 9.45124358e-02, 9.45124358e-02, 9.48282669e-02,
       9.48282669e-02, 1.00671141e-01, 1.00671141e-01, 1.01934465e-01,
       1.01934465e-01, 1.02329254e-01, 1.02329254e-01, 1.05566522e-01,
       1.05566522e-01, 1.05961311e-01, 1.05961311e-01, 1.06592973e-01,
       1.06592973e-01, 1.08093170e-01, 1.08093170e-01, 1.12435847e-01,
       1.12435847e-01, 1.13462298e-01, 1.13462298e-01, 1.16462692e-01,
       1.16462692e-01, 1.18436636e-01, 1.18436636e-01, 1.20331623e-01,
       1.20331623e-01, 1.22700355e-01, 1.22700355e-01, 1.23568891e-01,
       1.23568891e-01, 1.30043427e-01, 1.30043427e-01, 1.30201342e-01,
       1.30201342e-01, 1.30438216e-01, 1.30438216e-01, 1.38176076e-01,
       1.38176076e-01, 1.38491907e-01, 1.38491907e-01, 1.45519147e-01,
       1.45519147e-01, 1.45677063e-01, 1.45677063e-01, 1.45913936e-01,
       1.45913936e-01, 1.61942361e-01, 1.61942361e-01, 1.62100276e-01,
       1.62100276e-01, 1.62889854e-01, 1.62889854e-01, 1.63126727e-01,
       1.63126727e-01, 1.67390446e-01, 1.67390446e-01, 1.68416897e-01,
       1.68416897e-01, 1.69996052e-01, 1.69996052e-01, 1.73233320e-01,
       1.73233320e-01, 1.79076194e-01, 1.79076194e-01, 1.83892617e-01,
       1.83892617e-01, 1.85313857e-01, 1.85313857e-01, 1.86893012e-01,
       1.86893012e-01, 1.89024872e-01, 1.89024872e-01, 1.95657323e-01,
       1.95657323e-01, 1.97473352e-01, 1.97473352e-01, 2.10343466e-01,
       2.10343466e-01, 2.11133044e-01, 2.11133044e-01, 2.12633241e-01,
       2.12633241e-01, 2.15554678e-01, 2.15554678e-01, 2.17607580e-01,
       2.17607580e-01, 2.32530596e-01, 2.32530596e-01, 2.34741413e-01,
       2.34741413e-01, 2.48085274e-01, 2.48085274e-01, 2.54007106e-01,
       2.54007106e-01, 2.66482432e-01, 2.66482432e-01, 2.69482827e-01,
       2.69482827e-01, 2.76352152e-01, 2.76352152e-01, 2.85353336e-01,
       2.85353336e-01, 2.93643901e-01, 2.93643901e-01, 2.99170944e-01,
       2.99170944e-01, 3.10382945e-01, 3.10382945e-01, 3.15436242e-01,
       3.15436242e-01, 3.20331623e-01, 3.20331623e-01, 3.25937623e-01,
       3.25937623e-01, 3.48440584e-01, 3.48440584e-01, 3.60442163e-01,
       3.60442163e-01, 3.71654165e-01, 3.71654165e-01, 3.85155942e-01,
       3.85155942e-01, 3.90919858e-01, 3.90919858e-01, 4.01184366e-01,
       4.01184366e-01, 4.04974339e-01, 4.04974339e-01, 4.14449270e-01,
       4.14449270e-01, 4.28503750e-01, 4.28503750e-01, 4.58981445e-01,
       4.58981445e-01, 4.70667193e-01, 4.70667193e-01, 4.88511646e-01,
       4.88511646e-01, 5.02171338e-01, 5.02171338e-01, 5.18357679e-01,
       5.18357679e-01, 5.30359258e-01, 5.30359258e-01, 5.36517963e-01,
       5.36517963e-01, 5.77023293e-01, 5.77023293e-01, 5.79313068e-01,
       5.79313068e-01, 5.82313462e-01, 5.82313462e-01, 5.83181998e-01,
       5.83181998e-01, 6.17449664e-01, 6.17449664e-01, 6.22818792e-01,
       6.22818792e-01, 6.30951441e-01, 6.30951441e-01, 6.52191078e-01,
       6.52191078e-01, 6.55586261e-01, 6.55586261e-01, 6.58349783e-01,
       6.58349783e-01, 6.74299250e-01, 6.74299250e-01, 6.96802211e-01,
       6.96802211e-01, 7.04855902e-01, 7.04855902e-01, 7.07382550e-01,
       7.07382550e-01, 7.33833399e-01, 7.33833399e-01, 7.39044611e-01,
       7.39044611e-01, 7.45677063e-01, 7.45677063e-01, 7.50888275e-01,
       7.50888275e-01, 7.73864982e-01, 7.73864982e-01, 7.81129096e-01,
       7.81129096e-01, 7.92341098e-01, 7.92341098e-01, 7.92420055e-01,
       7.92420055e-01, 8.10975128e-01, 8.10975128e-01, 8.47927359e-01,
       8.47927359e-01, 8.53533360e-01, 8.53533360e-01, 8.66640347e-01,
       8.66640347e-01, 8.68693249e-01, 8.68693249e-01, 8.78168180e-01,
       8.78168180e-01, 8.80221082e-01, 8.80221082e-01, 9.23410975e-01,
       9.23410975e-01, 9.27990525e-01, 9.27990525e-01, 9.54836163e-01,
       9.54836163e-01, 9.79786814e-01, 9.79786814e-01, 1.00000000e+00]), array([0.00000000e+00, 1.67841558e-04, 1.05908023e-01, 1.05908023e-01,
       2.12319570e-01, 2.12319570e-01, 2.82309500e-01, 2.82309500e-01,
       4.21114468e-01, 4.21114468e-01, 4.86236992e-01, 4.86236992e-01,
       4.93789862e-01, 4.93789862e-01, 5.79221215e-01, 5.79221215e-01,
       6.02383350e-01, 6.02383350e-01, 6.18999664e-01, 6.18999664e-01,
       6.19671031e-01, 6.19671031e-01, 6.25209802e-01, 6.25209802e-01,
       6.50050352e-01, 6.50050352e-01, 6.60624371e-01, 6.60624371e-01,
       6.67002350e-01, 6.67002350e-01, 6.74555220e-01, 6.74555220e-01,
       6.95535415e-01, 6.95535415e-01, 7.02416918e-01, 7.02416918e-01,
       7.31285666e-01, 7.31285666e-01, 7.34138973e-01, 7.34138973e-01,
       7.39174220e-01, 7.39174220e-01, 7.42866734e-01, 7.42866734e-01,
       7.45552199e-01, 7.45552199e-01, 7.53440752e-01, 7.53440752e-01,
       7.56294058e-01, 7.56294058e-01, 7.56461900e-01, 7.56461900e-01,
       7.70057066e-01, 7.70057066e-01, 7.74756630e-01, 7.74756630e-01,
       7.80966767e-01, 7.80966767e-01, 7.86673380e-01, 7.86673380e-01,
       7.98422289e-01, 7.98422289e-01, 8.00436388e-01, 8.00436388e-01,
       8.07989258e-01, 8.07989258e-01, 8.11346089e-01, 8.11346089e-01,
       8.14199396e-01, 8.14199396e-01, 8.27123196e-01, 8.27123196e-01,
       8.32997650e-01, 8.32997650e-01, 8.36018798e-01, 8.36018798e-01,
       8.39039946e-01, 8.39039946e-01, 8.39375629e-01, 8.39375629e-01,
       8.43571668e-01, 8.43571668e-01, 8.44075193e-01, 8.44075193e-01,
       8.44410876e-01, 8.44410876e-01, 8.45585767e-01, 8.45585767e-01,
       8.51124538e-01, 8.51124538e-01, 8.52131588e-01, 8.52131588e-01,
       8.53306479e-01, 8.53306479e-01, 8.56159785e-01, 8.56159785e-01,
       8.59013092e-01, 8.59013092e-01, 8.64551863e-01, 8.64551863e-01,
       8.65894596e-01, 8.65894596e-01, 8.66230279e-01, 8.66230279e-01,
       8.68412219e-01, 8.68412219e-01, 8.69754951e-01, 8.69754951e-01,
       8.70762001e-01, 8.70762001e-01, 8.71601208e-01, 8.71601208e-01,
       8.76804297e-01, 8.76804297e-01, 8.77979188e-01, 8.77979188e-01,
       8.78650554e-01, 8.78650554e-01, 8.80161128e-01, 8.80161128e-01,
       8.81168177e-01, 8.81168177e-01, 8.82510910e-01, 8.82510910e-01,
       8.83350117e-01, 8.83350117e-01, 8.85699899e-01, 8.85699899e-01,
       8.88049681e-01, 8.88049681e-01, 8.88385364e-01, 8.88385364e-01,
       8.89056730e-01, 8.89056730e-01, 8.91406512e-01, 8.91406512e-01,
       8.91574354e-01, 8.91574354e-01, 8.92581403e-01, 8.92581403e-01,
       8.95099027e-01, 8.95099027e-01, 8.95266868e-01, 8.95266868e-01,
       8.95770393e-01, 8.95770393e-01, 8.96609601e-01, 8.96609601e-01,
       8.96777442e-01, 8.96777442e-01, 8.99798590e-01, 8.99798590e-01,
       9.01644847e-01, 9.01644847e-01, 9.02316213e-01, 9.02316213e-01,
       9.03155421e-01, 9.03155421e-01, 9.03323263e-01, 9.03323263e-01,
       9.03994629e-01, 9.03994629e-01, 9.05169520e-01, 9.05169520e-01,
       9.06680094e-01, 9.06680094e-01, 9.07015777e-01, 9.07015777e-01,
       9.08526351e-01, 9.08526351e-01, 9.08694193e-01, 9.08694193e-01,
       9.09197717e-01, 9.09197717e-01, 9.09533400e-01, 9.09533400e-01,
       9.10204767e-01, 9.10204767e-01, 9.11211816e-01, 9.11211816e-01,
       9.11379658e-01, 9.11379658e-01, 9.13058073e-01, 9.13058073e-01,
       9.13225915e-01, 9.13225915e-01, 9.13561598e-01, 9.13561598e-01,
       9.13729439e-01, 9.13729439e-01, 9.14568647e-01, 9.14568647e-01,
       9.15911380e-01, 9.15911380e-01, 9.18932528e-01, 9.18932528e-01,
       9.19268211e-01, 9.19268211e-01, 9.20275260e-01, 9.20275260e-01,
       9.20946626e-01, 9.20946626e-01, 9.22625042e-01, 9.22625042e-01,
       9.23128567e-01, 9.23128567e-01, 9.23296408e-01, 9.23296408e-01,
       9.23799933e-01, 9.23799933e-01, 9.24135616e-01, 9.24135616e-01,
       9.24471299e-01, 9.24471299e-01, 9.24639141e-01, 9.24639141e-01,
       9.25478348e-01, 9.25478348e-01, 9.25814032e-01, 9.25814032e-01,
       9.25981873e-01, 9.25981873e-01, 9.27492447e-01, 9.27492447e-01,
       9.27995972e-01, 9.27995972e-01, 9.28667338e-01, 9.28667338e-01,
       9.28835180e-01, 9.28835180e-01, 9.30345754e-01, 9.30345754e-01,
       9.30513595e-01, 9.30513595e-01, 9.30849278e-01, 9.30849278e-01,
       9.32192011e-01, 9.32192011e-01, 9.32359852e-01, 9.32359852e-01,
       9.32527694e-01, 9.32527694e-01, 9.32863377e-01, 9.32863377e-01,
       9.33366902e-01, 9.33366902e-01, 9.34038268e-01, 9.34038268e-01,
       9.34206109e-01, 9.34206109e-01, 9.34373951e-01, 9.34373951e-01,
       9.34541793e-01, 9.34541793e-01, 9.34877476e-01, 9.34877476e-01,
       9.35045317e-01, 9.35045317e-01, 9.35213159e-01, 9.35213159e-01,
       9.35548842e-01, 9.35548842e-01, 9.35884525e-01, 9.35884525e-01,
       9.36220208e-01, 9.36220208e-01, 9.36555891e-01, 9.36555891e-01,
       9.36723733e-01, 9.36723733e-01, 9.37395099e-01, 9.37395099e-01,
       9.37562941e-01, 9.37562941e-01, 9.38066465e-01, 9.38066465e-01,
       9.38234307e-01, 9.38234307e-01, 9.38737831e-01, 9.38737831e-01,
       9.39409198e-01, 9.39409198e-01, 9.39744881e-01, 9.39744881e-01,
       9.40584089e-01, 9.40584089e-01, 9.40919772e-01, 9.40919772e-01,
       9.41255455e-01, 9.41255455e-01, 9.41423296e-01, 9.41423296e-01,
       9.42430346e-01, 9.42430346e-01, 9.43269554e-01, 9.43269554e-01,
       9.43437395e-01, 9.43437395e-01, 9.43605237e-01, 9.43605237e-01,
       9.43773078e-01, 9.43773078e-01, 9.44444444e-01, 9.44444444e-01,
       9.44612286e-01, 9.44612286e-01, 9.44780128e-01, 9.44780128e-01,
       9.45115811e-01, 9.45115811e-01, 9.45619335e-01, 9.45619335e-01,
       9.45787177e-01, 9.45787177e-01, 9.45955018e-01, 9.45955018e-01,
       9.46122860e-01, 9.46122860e-01, 9.47465592e-01, 9.47465592e-01,
       9.47969117e-01, 9.47969117e-01, 9.48136959e-01, 9.48136959e-01,
       9.48304800e-01, 9.48304800e-01, 9.48976166e-01, 9.48976166e-01,
       9.49479691e-01, 9.49479691e-01, 9.49815374e-01, 9.49815374e-01,
       9.50654582e-01, 9.50654582e-01, 9.50822424e-01, 9.50822424e-01,
       9.51158107e-01, 9.51158107e-01, 9.51829473e-01, 9.51829473e-01,
       9.52332998e-01, 9.52332998e-01, 9.52500839e-01, 9.52500839e-01,
       9.52668681e-01, 9.52668681e-01, 9.52836522e-01, 9.52836522e-01,
       9.53004364e-01, 9.53004364e-01, 9.53172205e-01, 9.53172205e-01,
       9.53340047e-01, 9.53340047e-01, 9.53507889e-01, 9.53507889e-01,
       9.53675730e-01, 9.53675730e-01, 9.53843572e-01, 9.53843572e-01,
       9.54011413e-01, 9.54011413e-01, 9.54179255e-01, 9.54179255e-01,
       9.54514938e-01, 9.54514938e-01, 9.55018463e-01, 9.55018463e-01,
       9.55186304e-01, 9.55186304e-01, 9.55354146e-01, 9.55354146e-01,
       9.55689829e-01, 9.55689829e-01, 9.55857670e-01, 9.55857670e-01,
       9.56025512e-01, 9.56025512e-01, 9.56193353e-01, 9.56193353e-01,
       9.56361195e-01, 9.56361195e-01, 9.56529037e-01, 9.56529037e-01,
       9.57200403e-01, 9.57200403e-01, 9.57368244e-01, 9.57368244e-01,
       9.57536086e-01, 9.57536086e-01, 9.57871769e-01, 9.57871769e-01,
       9.58039611e-01, 9.58039611e-01, 9.58207452e-01, 9.58207452e-01,
       9.58375294e-01, 9.58375294e-01, 9.58543135e-01, 9.58543135e-01,
       9.58710977e-01, 9.58710977e-01, 9.59046660e-01, 9.59046660e-01,
       9.59214502e-01, 9.59214502e-01, 9.59382343e-01, 9.59382343e-01,
       9.59550185e-01, 9.59550185e-01, 9.59718026e-01, 9.59718026e-01,
       9.59885868e-01, 9.59885868e-01, 9.60053709e-01, 9.60053709e-01,
       9.60221551e-01, 9.60221551e-01, 9.60389392e-01, 9.60389392e-01,
       9.60892917e-01, 9.60892917e-01, 9.61228600e-01, 9.61228600e-01,
       9.61564283e-01, 9.61564283e-01, 9.61732125e-01, 9.61732125e-01,
       9.61899966e-01, 9.61899966e-01, 9.62067808e-01, 9.62067808e-01,
       9.62571333e-01, 9.62571333e-01, 9.62739174e-01, 9.62739174e-01,
       9.62907016e-01, 9.62907016e-01, 9.63074857e-01, 9.63074857e-01,
       9.63242699e-01, 9.63242699e-01, 9.63578382e-01, 9.63578382e-01,
       9.63914065e-01, 9.63914065e-01, 9.64081907e-01, 9.64081907e-01,
       9.64249748e-01, 9.64249748e-01, 9.64417590e-01, 9.64417590e-01,
       9.64585431e-01, 9.64585431e-01, 9.64753273e-01, 9.64753273e-01,
       9.64921114e-01, 9.64921114e-01, 9.65256798e-01, 9.65256798e-01,
       9.65424639e-01, 9.65424639e-01, 9.65760322e-01, 9.65760322e-01,
       9.65928164e-01, 9.65928164e-01, 9.66096005e-01, 9.66096005e-01,
       9.66431688e-01, 9.66431688e-01, 9.66599530e-01, 9.66599530e-01,
       9.66767372e-01, 9.66767372e-01, 9.67103055e-01, 9.67103055e-01,
       9.67270896e-01, 9.67270896e-01, 9.67438738e-01, 9.67438738e-01,
       9.67774421e-01, 9.67774421e-01, 9.67942263e-01, 9.67942263e-01,
       9.68110104e-01, 9.68110104e-01, 9.68277946e-01, 9.68277946e-01,
       9.68781470e-01, 9.68781470e-01, 9.69117153e-01, 9.69117153e-01,
       9.69284995e-01, 9.69284995e-01, 9.69788520e-01, 9.69788520e-01,
       9.69956361e-01, 9.69956361e-01, 9.70292044e-01, 9.70292044e-01,
       9.70459886e-01, 9.70459886e-01, 9.70627727e-01, 9.70627727e-01,
       9.70795569e-01, 9.70795569e-01, 9.70963411e-01, 9.70963411e-01,
       9.71131252e-01, 9.71131252e-01, 9.71299094e-01, 9.71299094e-01,
       9.71466935e-01, 9.71466935e-01, 9.71634777e-01, 9.71634777e-01,
       9.71802618e-01, 9.71802618e-01, 9.71970460e-01, 9.71970460e-01,
       9.72138301e-01, 9.72138301e-01, 9.72306143e-01, 9.72306143e-01,
       9.72473985e-01, 9.72473985e-01, 9.72641826e-01, 9.72641826e-01,
       9.72809668e-01, 9.72809668e-01, 9.72977509e-01, 9.72977509e-01,
       9.73145351e-01, 9.73145351e-01, 9.73313192e-01, 9.73313192e-01,
       9.73481034e-01, 9.73481034e-01, 9.73816717e-01, 9.73816717e-01,
       9.73984559e-01, 9.73984559e-01, 9.74152400e-01, 9.74152400e-01,
       9.74320242e-01, 9.74320242e-01, 9.74655925e-01, 9.74655925e-01,
       9.74823766e-01, 9.74823766e-01, 9.74991608e-01, 9.74991608e-01,
       9.75159449e-01, 9.75159449e-01, 9.75327291e-01, 9.75327291e-01,
       9.75495133e-01, 9.75495133e-01, 9.75662974e-01, 9.75662974e-01,
       9.75830816e-01, 9.75830816e-01, 9.75998657e-01, 9.75998657e-01,
       9.76166499e-01, 9.76166499e-01, 9.76334340e-01, 9.76334340e-01,
       9.76502182e-01, 9.76502182e-01, 9.76670023e-01, 9.76670023e-01,
       9.76837865e-01, 9.76837865e-01, 9.77005707e-01, 9.77005707e-01,
       9.77173548e-01, 9.77173548e-01, 9.77341390e-01, 9.77341390e-01,
       9.77509231e-01, 9.77509231e-01, 9.77677073e-01, 9.77677073e-01,
       9.77844914e-01, 9.77844914e-01, 9.78012756e-01, 9.78012756e-01,
       9.78180598e-01, 9.78180598e-01, 9.78348439e-01, 9.78348439e-01,
       9.78516281e-01, 9.78516281e-01, 9.78684122e-01, 9.78684122e-01,
       9.78851964e-01, 9.78851964e-01, 9.79019805e-01, 9.79019805e-01,
       9.79187647e-01, 9.79187647e-01, 9.79355488e-01, 9.79355488e-01,
       9.79523330e-01, 9.79523330e-01, 9.79691172e-01, 9.79691172e-01,
       9.79859013e-01, 9.79859013e-01, 9.80026855e-01, 9.80026855e-01,
       9.80194696e-01, 9.80194696e-01, 9.80362538e-01, 9.80362538e-01,
       9.80530379e-01, 9.80530379e-01, 9.80698221e-01, 9.80698221e-01,
       9.80866062e-01, 9.80866062e-01, 9.81033904e-01, 9.81033904e-01,
       9.81201746e-01, 9.81201746e-01, 9.81369587e-01, 9.81369587e-01,
       9.81537429e-01, 9.81537429e-01, 9.81705270e-01, 9.81705270e-01,
       9.81873112e-01, 9.81873112e-01, 9.82040953e-01, 9.82040953e-01,
       9.82208795e-01, 9.82208795e-01, 9.82376636e-01, 9.82376636e-01,
       9.82544478e-01, 9.82544478e-01, 9.82712320e-01, 9.82712320e-01,
       9.82880161e-01, 9.82880161e-01, 9.83048003e-01, 9.83048003e-01,
       9.83215844e-01, 9.83215844e-01, 9.83383686e-01, 9.83383686e-01,
       9.83551527e-01, 9.83551527e-01, 9.83719369e-01, 9.83719369e-01,
       9.83887210e-01, 9.83887210e-01, 9.84055052e-01, 9.84055052e-01,
       9.84222894e-01, 9.84222894e-01, 9.84390735e-01, 9.84390735e-01,
       9.84558577e-01, 9.84558577e-01, 9.84726418e-01, 9.84726418e-01,
       9.84894260e-01, 9.84894260e-01, 9.85062101e-01, 9.85062101e-01,
       9.85229943e-01, 9.85229943e-01, 9.85397784e-01, 9.85397784e-01,
       9.85565626e-01, 9.85565626e-01, 9.85901309e-01, 9.85901309e-01,
       9.86069151e-01, 9.86069151e-01, 9.86236992e-01, 9.86236992e-01,
       9.86404834e-01, 9.86404834e-01, 9.86572675e-01, 9.86572675e-01,
       9.86740517e-01, 9.86740517e-01, 9.86908359e-01, 9.86908359e-01,
       9.87076200e-01, 9.87076200e-01, 9.87411883e-01, 9.87411883e-01,
       9.87579725e-01, 9.87579725e-01, 9.87747566e-01, 9.87747566e-01,
       9.87915408e-01, 9.87915408e-01, 9.88083249e-01, 9.88083249e-01,
       9.88251091e-01, 9.88251091e-01, 9.88418933e-01, 9.88418933e-01,
       9.88586774e-01, 9.88586774e-01, 9.88754616e-01, 9.88754616e-01,
       9.88922457e-01, 9.88922457e-01, 9.89090299e-01, 9.89090299e-01,
       9.89258140e-01, 9.89258140e-01, 9.89425982e-01, 9.89425982e-01,
       9.89593823e-01, 9.89593823e-01, 9.89761665e-01, 9.89761665e-01,
       9.89929507e-01, 9.89929507e-01, 9.90097348e-01, 9.90097348e-01,
       9.90265190e-01, 9.90265190e-01, 9.90433031e-01, 9.90433031e-01,
       9.90600873e-01, 9.90600873e-01, 9.90936556e-01, 9.90936556e-01,
       9.91104397e-01, 9.91104397e-01, 9.91272239e-01, 9.91272239e-01,
       9.91440081e-01, 9.91440081e-01, 9.91607922e-01, 9.91607922e-01,
       9.91775764e-01, 9.91775764e-01, 9.91943605e-01, 9.91943605e-01,
       9.92111447e-01, 9.92111447e-01, 9.92279288e-01, 9.92279288e-01,
       9.92447130e-01, 9.92447130e-01, 9.92614971e-01, 9.92614971e-01,
       9.92782813e-01, 9.92782813e-01, 9.93118496e-01, 9.93118496e-01,
       9.93454179e-01, 9.93454179e-01, 9.93622021e-01, 9.93622021e-01,
       9.93789862e-01, 9.93789862e-01, 9.93957704e-01, 9.93957704e-01,
       9.94125545e-01, 9.94125545e-01, 9.94293387e-01, 9.94293387e-01,
       9.94461229e-01, 9.94461229e-01, 9.94629070e-01, 9.94629070e-01,
       9.94796912e-01, 9.94796912e-01, 9.94964753e-01, 9.94964753e-01,
       9.95132595e-01, 9.95132595e-01, 9.95300436e-01, 9.95300436e-01,
       9.95468278e-01, 9.95468278e-01, 9.95636120e-01, 9.95636120e-01,
       9.95803961e-01, 9.95803961e-01, 9.95971803e-01, 9.95971803e-01,
       9.96139644e-01, 9.96139644e-01, 9.96307486e-01, 9.96307486e-01,
       9.96475327e-01, 9.96475327e-01, 9.96643169e-01, 9.96643169e-01,
       9.96811010e-01, 9.96811010e-01, 9.96978852e-01, 9.96978852e-01,
       9.97146694e-01, 9.97146694e-01, 9.97314535e-01, 9.97314535e-01,
       9.97482377e-01, 9.97482377e-01, 9.97650218e-01, 9.97650218e-01,
       9.97818060e-01, 9.97818060e-01, 9.97985901e-01, 9.97985901e-01,
       9.98153743e-01, 9.98153743e-01, 9.98321584e-01, 9.98321584e-01,
       9.98489426e-01, 9.98489426e-01, 9.98657268e-01, 9.98657268e-01,
       9.98825109e-01, 9.98825109e-01, 9.98992951e-01, 9.98992951e-01,
       9.99160792e-01, 9.99160792e-01, 9.99328634e-01, 9.99328634e-01,
       9.99496475e-01, 9.99496475e-01, 9.99664317e-01, 9.99664317e-01,
       9.99832158e-01, 9.99832158e-01, 1.00000000e+00, 1.00000000e+00]), 0.9901610391042336, array([0.32438613, 0.32434934, 0.324367  , ..., 1.        , 1.        ,
       1.        ]), array([1.00000000e+00, 9.99832158e-01, 9.99832158e-01, ...,
       3.35683115e-04, 1.67841558e-04, 0.00000000e+00]), 0.9863824782849475, 31.10951590538025]"
3,"[0.9450567527553874, 0.9370412656989072, 0.9410319410319411, array([0.        , 0.        , 0.        , ..., 0.96826505, 0.96826505,
       1.        ]), array([0.00000000e+00, 1.63105529e-04, 6.50791062e-02, ...,
       9.99836894e-01, 1.00000000e+00, 1.00000000e+00]), 0.9878806802520911, array([0.25373505, 0.25370416, 0.25371466, ..., 1.        , 1.        ,
       1.        ]), array([1.00000000e+00, 9.99836894e-01, 9.99836894e-01, ...,
       3.26211059e-04, 1.63105529e-04, 0.00000000e+00]), 0.979159068901122, 40.73366975784302]"
4,"[0.9618463634815193, 0.9666210201985621, 0.9642277810979254, array([0.00000000e+00, 0.00000000e+00, 0.00000000e+00, 4.03975115e-05,
       4.03975115e-05, 8.07950230e-05, 8.07950230e-05, 1.21192535e-04,
       1.21192535e-04, 1.61590046e-04, 1.61590046e-04, 2.01987558e-04,
       2.01987558e-04, 2.42385069e-04, 2.42385069e-04, 2.82782581e-04,
       2.82782581e-04, 3.23180092e-04, 3.23180092e-04, 3.63577604e-04,
       3.63577604e-04, 4.03975115e-04, 4.03975115e-04, 4.44372627e-04,
       4.44372627e-04, 4.84770138e-04, 4.84770138e-04, 5.25167650e-04,
       5.25167650e-04, 5.65565161e-04, 5.65565161e-04, 6.05962673e-04,
       6.05962673e-04, 6.46360184e-04, 6.46360184e-04, 6.86757696e-04,
       6.86757696e-04, 7.27155207e-04, 7.27155207e-04, 7.67552719e-04,
       7.67552719e-04, 8.07950230e-04, 8.07950230e-04, 8.48347742e-04,
       8.48347742e-04, 8.88745253e-04, 8.88745253e-04, 9.29142765e-04,
       9.29142765e-04, 9.69540276e-04, 9.69540276e-04, 1.00993779e-03,
       1.00993779e-03, 1.05033530e-03, 1.05033530e-03, 1.09073281e-03,
       1.09073281e-03, 1.13113032e-03, 1.13113032e-03, 1.17152783e-03,
       1.17152783e-03, 1.21192535e-03, 1.21192535e-03, 1.25232286e-03,
       1.25232286e-03, 1.33311788e-03, 1.33311788e-03, 1.37351539e-03,
       1.37351539e-03, 1.41391290e-03, 1.41391290e-03, 1.45431041e-03,
       1.45431041e-03, 1.49470793e-03, 1.49470793e-03, 1.57550295e-03,
       1.57550295e-03, 1.61590046e-03, 1.61590046e-03, 1.65629797e-03,
       1.65629797e-03, 1.69669548e-03, 1.69669548e-03, 1.73709300e-03,
       1.73709300e-03, 1.77749051e-03, 1.77749051e-03, 1.81788802e-03,
       1.81788802e-03, 1.85828553e-03, 1.85828553e-03, 1.93908055e-03,
       1.93908055e-03, 1.97947806e-03, 1.97947806e-03, 2.01987558e-03,
       2.01987558e-03, 2.06027309e-03, 2.06027309e-03, 2.10067060e-03,
       2.10067060e-03, 2.14106811e-03, 2.14106811e-03, 2.22186313e-03,
       2.22186313e-03, 2.26226064e-03, 2.26226064e-03, 2.30265816e-03,
       2.30265816e-03, 2.34305567e-03, 2.34305567e-03, 2.38345318e-03,
       2.38345318e-03, 2.42385069e-03, 2.42385069e-03, 2.46424820e-03,
       2.46424820e-03, 2.50464571e-03, 2.50464571e-03, 2.54504323e-03,
       2.54504323e-03, 2.58544074e-03, 2.58544074e-03, 2.62583825e-03,
       2.62583825e-03, 2.66623576e-03, 2.66623576e-03, 2.70663327e-03,
       2.70663327e-03, 2.74703078e-03, 2.74703078e-03, 2.78742829e-03,
       2.78742829e-03, 2.82782581e-03, 2.82782581e-03, 2.90862083e-03,
       2.90862083e-03, 2.94901834e-03, 2.94901834e-03, 2.98941585e-03,
       2.98941585e-03, 3.07021088e-03, 3.07021088e-03, 3.11060839e-03,
       3.11060839e-03, 3.15100590e-03, 3.15100590e-03, 3.23180092e-03,
       3.23180092e-03, 3.27219843e-03, 3.27219843e-03, 3.31259594e-03,
       3.31259594e-03, 3.35299346e-03, 3.35299346e-03, 3.39339097e-03,
       3.39339097e-03, 3.43378848e-03, 3.43378848e-03, 3.47418599e-03,
       3.47418599e-03, 3.51458350e-03, 3.51458350e-03, 3.55498101e-03,
       3.55498101e-03, 3.59537852e-03, 3.59537852e-03, 3.63577604e-03,
       3.63577604e-03, 3.67617355e-03, 3.67617355e-03, 3.71657106e-03,
       3.71657106e-03, 3.75696857e-03, 3.75696857e-03, 3.79736608e-03,
       3.79736608e-03, 3.83776359e-03, 3.83776359e-03, 3.95895613e-03,
       3.95895613e-03, 4.03975115e-03, 4.03975115e-03, 4.08014866e-03,
       4.08014866e-03, 4.12054617e-03, 4.12054617e-03, 4.20134120e-03,
       4.20134120e-03, 4.24173871e-03, 4.24173871e-03, 4.28213622e-03,
       4.28213622e-03, 4.36293124e-03, 4.36293124e-03, 4.40332875e-03,
       4.40332875e-03, 4.44372627e-03, 4.44372627e-03, 4.48412378e-03,
       4.48412378e-03, 4.52452129e-03, 4.52452129e-03, 4.60531631e-03,
       4.60531631e-03, 4.64571382e-03, 4.64571382e-03, 4.68611134e-03,
       4.68611134e-03, 4.72650885e-03, 4.72650885e-03, 4.76690636e-03,
       4.76690636e-03, 4.80730387e-03, 4.80730387e-03, 4.88809889e-03,
       4.88809889e-03, 5.00929143e-03, 5.00929143e-03, 5.09008645e-03,
       5.09008645e-03, 5.13048396e-03, 5.13048396e-03, 5.17088147e-03,
       5.17088147e-03, 5.29207401e-03, 5.29207401e-03, 5.33247152e-03,
       5.33247152e-03, 5.37286903e-03, 5.37286903e-03, 5.41326654e-03,
       5.41326654e-03, 5.45366405e-03, 5.45366405e-03, 5.49406157e-03,
       5.49406157e-03, 5.53445908e-03, 5.53445908e-03, 5.61525410e-03,
       5.61525410e-03, 5.69604912e-03, 5.69604912e-03, 5.73644663e-03,
       5.73644663e-03, 5.77684415e-03, 5.77684415e-03, 5.81724166e-03,
       5.81724166e-03, 5.85763917e-03, 5.85763917e-03, 5.89803668e-03,
       5.89803668e-03, 5.97883170e-03, 5.97883170e-03, 6.01922922e-03,
       6.01922922e-03, 6.05962673e-03, 6.05962673e-03, 6.10002424e-03,
       6.10002424e-03, 6.14042175e-03, 6.14042175e-03, 6.18081926e-03,
       6.18081926e-03, 6.22121677e-03, 6.22121677e-03, 6.26161428e-03,
       6.26161428e-03, 6.34240931e-03, 6.34240931e-03, 6.38280682e-03,
       6.38280682e-03, 6.42320433e-03, 6.42320433e-03, 6.46360184e-03,
       6.46360184e-03, 6.54439687e-03, 6.54439687e-03, 6.66558940e-03,
       6.66558940e-03, 6.70598691e-03, 6.70598691e-03, 6.74638442e-03,
       6.74638442e-03, 6.78678193e-03, 6.78678193e-03, 6.82717945e-03,
       6.82717945e-03, 6.90797447e-03, 6.90797447e-03, 6.94837198e-03,
       6.94837198e-03, 7.02916700e-03, 7.02916700e-03, 7.06956451e-03,
       7.06956451e-03, 7.10996203e-03, 7.10996203e-03, 7.15035954e-03,
       7.15035954e-03, 7.23115456e-03, 7.23115456e-03, 7.31194958e-03,
       7.31194958e-03, 7.35234710e-03, 7.35234710e-03, 7.39274461e-03,
       7.39274461e-03, 7.43314212e-03, 7.43314212e-03, 7.47353963e-03,
       7.47353963e-03, 7.63512968e-03, 7.63512968e-03, 7.71592470e-03,
       7.71592470e-03, 7.75632221e-03, 7.75632221e-03, 7.83711723e-03,
       7.83711723e-03, 7.87751475e-03, 7.87751475e-03, 7.91791226e-03,
       7.91791226e-03, 7.95830977e-03, 7.95830977e-03, 7.99870728e-03,
       7.99870728e-03, 8.03910479e-03, 8.03910479e-03, 8.11989981e-03,
       8.11989981e-03, 8.24109235e-03, 8.24109235e-03, 8.28148986e-03,
       8.28148986e-03, 8.32188737e-03, 8.32188737e-03, 8.36228488e-03,
       8.36228488e-03, 8.40268239e-03, 8.40268239e-03, 8.48347742e-03,
       8.48347742e-03, 8.52387493e-03, 8.52387493e-03, 8.56427244e-03,
       8.56427244e-03, 8.68546498e-03, 8.68546498e-03, 8.72586249e-03,
       8.72586249e-03, 8.80665751e-03, 8.80665751e-03, 8.92785004e-03,
       8.92785004e-03, 9.00864507e-03, 9.00864507e-03, 9.04904258e-03,
       9.04904258e-03, 9.12983760e-03, 9.12983760e-03, 9.17023511e-03,
       9.17023511e-03, 9.21063263e-03, 9.21063263e-03, 9.25103014e-03,
       9.25103014e-03, 9.37222267e-03, 9.37222267e-03, 9.49341521e-03,
       9.49341521e-03, 9.53381272e-03, 9.53381272e-03, 9.89739032e-03,
       9.89739032e-03, 9.93778783e-03, 9.93778783e-03, 1.00185829e-02,
       1.00185829e-02, 1.00589804e-02, 1.00589804e-02, 1.01397754e-02,
       1.01397754e-02, 1.01801729e-02, 1.01801729e-02, 1.03013654e-02,
       1.03013654e-02, 1.05033530e-02, 1.05033530e-02, 1.07861356e-02,
       1.07861356e-02, 1.09073281e-02, 1.09073281e-02, 1.11497132e-02,
       1.11497132e-02, 1.15132908e-02, 1.15132908e-02, 1.15536883e-02,
       1.15536883e-02, 1.15940858e-02, 1.15940858e-02, 1.16344833e-02,
       1.16344833e-02, 1.18364709e-02, 1.18364709e-02, 1.19576634e-02,
       1.19576634e-02, 1.21192535e-02, 1.21192535e-02, 1.22808435e-02,
       1.22808435e-02, 1.23212410e-02, 1.23212410e-02, 1.26040236e-02,
       1.26040236e-02, 1.26444211e-02, 1.26444211e-02, 1.27656136e-02,
       1.27656136e-02, 1.28060111e-02, 1.28060111e-02, 1.29272037e-02,
       1.29272037e-02, 1.30887937e-02, 1.30887937e-02, 1.31695888e-02,
       1.31695888e-02, 1.32099863e-02, 1.32099863e-02, 1.32907813e-02,
       1.32907813e-02, 1.34119738e-02, 1.34119738e-02, 1.34523713e-02,
       1.34523713e-02, 1.34927688e-02, 1.34927688e-02, 1.36947564e-02,
       1.36947564e-02, 1.40987315e-02, 1.40987315e-02, 1.42199241e-02,
       1.42199241e-02, 1.43411166e-02, 1.43411166e-02, 1.49066817e-02,
       1.49066817e-02, 1.49874768e-02, 1.49874768e-02, 1.51086693e-02,
       1.51086693e-02, 1.53914519e-02, 1.53914519e-02, 1.54318494e-02,
       1.54318494e-02, 1.55126444e-02, 1.55126444e-02, 1.57954270e-02,
       1.57954270e-02, 1.65629797e-02, 1.65629797e-02, 1.68053648e-02,
       1.68053648e-02, 1.68861598e-02, 1.68861598e-02, 1.70073523e-02,
       1.70073523e-02, 1.74517250e-02, 1.74517250e-02, 1.76133150e-02,
       1.76133150e-02, 1.78960976e-02, 1.78960976e-02, 1.80576876e-02,
       1.80576876e-02, 1.81384827e-02, 1.81384827e-02, 1.84616628e-02,
       1.84616628e-02, 1.86232528e-02, 1.86232528e-02, 1.95927931e-02,
       1.95927931e-02, 1.96735881e-02, 1.96735881e-02, 1.98755757e-02,
       1.98755757e-02, 2.04007433e-02, 2.04007433e-02, 2.07239234e-02,
       2.07239234e-02, 2.12490911e-02, 2.12490911e-02, 2.18146562e-02,
       2.18146562e-02, 2.20974388e-02, 2.20974388e-02, 2.22994264e-02,
       2.22994264e-02, 2.23398239e-02, 2.23398239e-02, 2.24610164e-02,
       2.24610164e-02, 2.27034015e-02, 2.27034015e-02, 2.33093641e-02,
       2.33093641e-02, 2.41173144e-02, 2.41173144e-02, 2.46828795e-02,
       2.46828795e-02, 2.50464571e-02, 2.50464571e-02, 2.56120223e-02,
       2.56120223e-02, 2.58948049e-02, 2.58948049e-02, 2.62179850e-02,
       2.62179850e-02, 2.63391775e-02, 2.63391775e-02, 2.83590531e-02,
       2.83590531e-02, 2.91266058e-02, 2.91266058e-02, 2.94901834e-02,
       2.94901834e-02, 2.98537610e-02, 2.98537610e-02, 3.08636988e-02,
       3.08636988e-02, 3.11060839e-02, 3.11060839e-02, 3.14696615e-02,
       3.14696615e-02, 3.23584067e-02, 3.23584067e-02, 3.25603943e-02,
       3.25603943e-02, 3.42570898e-02, 3.42570898e-02, 3.46610649e-02,
       3.46610649e-02, 3.48630524e-02, 3.48630524e-02, 3.54690151e-02,
       3.54690151e-02, 3.66001454e-02, 3.66001454e-02, 3.69637230e-02,
       3.69637230e-02, 3.78524683e-02, 3.78524683e-02, 3.82968409e-02,
       3.82968409e-02, 3.85392260e-02, 3.85392260e-02, 3.87816111e-02,
       3.87816111e-02, 4.00339339e-02, 4.00339339e-02, 4.18922194e-02,
       4.18922194e-02, 4.41140826e-02, 4.41140826e-02, 4.78710511e-02,
       4.78710511e-02, 4.94869516e-02, 4.94869516e-02, 4.98101317e-02,
       4.98101317e-02, 5.07392745e-02, 5.07392745e-02, 5.11836471e-02,
       5.11836471e-02, 5.17088147e-02, 5.17088147e-02, 5.22743799e-02,
       5.22743799e-02, 5.43750505e-02, 5.43750505e-02, 5.49406157e-02,
       5.49406157e-02, 5.53445908e-02, 5.53445908e-02, 5.56273734e-02,
       5.56273734e-02, 5.94247394e-02, 5.94247394e-02, 6.01518946e-02,
       6.01518946e-02, 6.30201180e-02, 6.30201180e-02, 6.88373596e-02,
       6.88373596e-02, 7.04936576e-02, 7.04936576e-02, 7.42506262e-02,
       7.42506262e-02, 7.85327624e-02, 7.85327624e-02, 7.89367375e-02,
       7.89367375e-02, 8.57235194e-02, 8.57235194e-02, 8.60870970e-02,
       8.60870970e-02, 8.68950473e-02, 8.68950473e-02, 8.83089602e-02,
       8.83089602e-02, 1.08709703e-01, 1.08709703e-01, 1.09800436e-01,
       1.09800436e-01, 1.17233578e-01, 1.17233578e-01, 1.25393876e-01,
       1.25393876e-01, 1.29716409e-01, 1.29716409e-01, 1.36422396e-01,
       1.36422396e-01, 1.41997253e-01, 1.41997253e-01, 1.43532358e-01,
       1.43532358e-01, 1.82435162e-01, 1.82435162e-01, 1.96978266e-01,
       1.96978266e-01, 1.98674962e-01, 1.98674962e-01, 2.18308152e-01,
       2.18308152e-01, 2.22590288e-01, 2.22590288e-01, 2.25539307e-01,
       2.25539307e-01, 2.27559182e-01, 2.27559182e-01, 2.29983033e-01,
       2.29983033e-01, 2.32568474e-01, 2.32568474e-01, 2.32730064e-01,
       2.32730064e-01, 2.90175325e-01, 2.90175325e-01, 3.03950877e-01,
       3.03950877e-01, 3.70485578e-01, 3.70485578e-01, 3.83533974e-01,
       3.83533974e-01, 3.89108831e-01, 3.89108831e-01, 4.09469177e-01,
       4.09469177e-01, 4.44211037e-01, 4.44211037e-01, 4.66348873e-01,
       4.66348873e-01, 4.93132423e-01, 4.93132423e-01, 5.25450432e-01,
       5.25450432e-01, 5.40518704e-01, 5.40518704e-01, 5.42296195e-01,
       5.42296195e-01, 5.46093561e-01, 5.46093561e-01, 6.00751394e-01,
       6.00751394e-01, 6.03013654e-01, 6.03013654e-01, 6.31332310e-01,
       6.31332310e-01, 6.95766341e-01, 6.95766341e-01, 7.96840915e-01,
       7.96840915e-01, 8.91492284e-01, 8.91492284e-01, 1.00000000e+00]), array([0.00000000e+00, 1.71174255e-04, 9.68846286e-02, 9.68846286e-02,
       1.08182129e-01, 1.08182129e-01, 1.71858952e-01, 1.71858952e-01,
       1.97192742e-01, 1.97192742e-01, 2.11229031e-01, 2.11229031e-01,
       2.46662102e-01, 2.46662102e-01, 3.42862034e-01, 3.42862034e-01,
       3.46456693e-01, 3.46456693e-01, 4.57377610e-01, 4.57377610e-01,
       4.85621363e-01, 4.85621363e-01, 4.96576515e-01, 4.96576515e-01,
       5.01369394e-01, 5.01369394e-01, 5.29784320e-01, 5.29784320e-01,
       5.49811708e-01, 5.49811708e-01, 5.74289627e-01, 5.74289627e-01,
       5.90551181e-01, 5.90551181e-01, 6.04758644e-01, 6.04758644e-01,
       6.12290312e-01, 6.12290312e-01, 6.18452585e-01, 6.18452585e-01,
       6.41218761e-01, 6.41218761e-01, 6.62273194e-01, 6.62273194e-01,
       6.74084218e-01, 6.74084218e-01, 6.88976378e-01, 6.88976378e-01,
       6.98048613e-01, 6.98048613e-01, 7.11742554e-01, 7.11742554e-01,
       7.24238275e-01, 7.24238275e-01, 7.24922972e-01, 7.24922972e-01,
       7.25265320e-01, 7.25265320e-01, 7.39986306e-01, 7.39986306e-01,
       7.51968504e-01, 7.51968504e-01, 7.57274906e-01, 7.57274906e-01,
       7.60184868e-01, 7.60184868e-01, 7.67203013e-01, 7.67203013e-01,
       7.71311195e-01, 7.71311195e-01, 7.79869908e-01, 7.79869908e-01,
       8.11708319e-01, 8.11708319e-01, 8.13762410e-01, 8.13762410e-01,
       8.25573434e-01, 8.25573434e-01, 8.31564533e-01, 8.31564533e-01,
       8.36186238e-01, 8.36186238e-01, 8.38753851e-01, 8.38753851e-01,
       8.45429647e-01, 8.45429647e-01, 8.45600822e-01, 8.45600822e-01,
       8.45771996e-01, 8.45771996e-01, 8.47826087e-01, 8.47826087e-01,
       8.52618966e-01, 8.52618966e-01, 8.55186580e-01, 8.55186580e-01,
       8.59465936e-01, 8.59465936e-01, 8.61006505e-01, 8.61006505e-01,
       8.64943512e-01, 8.64943512e-01, 8.66312907e-01, 8.66312907e-01,
       8.68880520e-01, 8.68880520e-01, 8.71105786e-01, 8.71105786e-01,
       8.71790483e-01, 8.71790483e-01, 8.73844574e-01, 8.73844574e-01,
       8.74015748e-01, 8.74015748e-01, 8.76241013e-01, 8.76241013e-01,
       8.76583362e-01, 8.76583362e-01, 8.77781582e-01, 8.77781582e-01,
       8.78637453e-01, 8.78637453e-01, 8.79493324e-01, 8.79493324e-01,
       8.81718590e-01, 8.81718590e-01, 8.84457378e-01, 8.84457378e-01,
       8.86169120e-01, 8.86169120e-01, 8.86511469e-01, 8.86511469e-01,
       8.86853817e-01, 8.86853817e-01, 8.87709688e-01, 8.87709688e-01,
       8.90448477e-01, 8.90448477e-01, 8.95754878e-01, 8.95754878e-01,
       8.99178364e-01, 8.99178364e-01, 8.99520712e-01, 8.99520712e-01,
       9.00890106e-01, 9.00890106e-01, 9.01061280e-01, 9.01061280e-01,
       9.01574803e-01, 9.01574803e-01, 9.01917152e-01, 9.01917152e-01,
       9.02088326e-01, 9.02088326e-01, 9.02601849e-01, 9.02601849e-01,
       9.02944197e-01, 9.02944197e-01, 9.03800068e-01, 9.03800068e-01,
       9.05340637e-01, 9.05340637e-01, 9.07565902e-01, 9.07565902e-01,
       9.07737076e-01, 9.07737076e-01, 9.08250599e-01, 9.08250599e-01,
       9.09106470e-01, 9.09106470e-01, 9.09791167e-01, 9.09791167e-01,
       9.12187607e-01, 9.12187607e-01, 9.12529955e-01, 9.12529955e-01,
       9.13385827e-01, 9.13385827e-01, 9.16295789e-01, 9.16295789e-01,
       9.20917494e-01, 9.20917494e-01, 9.21259843e-01, 9.21259843e-01,
       9.21944540e-01, 9.21944540e-01, 9.24512153e-01, 9.24512153e-01,
       9.27764464e-01, 9.27764464e-01, 9.28277987e-01, 9.28277987e-01,
       9.28449161e-01, 9.28449161e-01, 9.29133858e-01, 9.29133858e-01,
       9.29305033e-01, 9.29305033e-01, 9.29647381e-01, 9.29647381e-01,
       9.30503252e-01, 9.30503252e-01, 9.30674427e-01, 9.30674427e-01,
       9.31530298e-01, 9.31530298e-01, 9.32386169e-01, 9.32386169e-01,
       9.32557343e-01, 9.32557343e-01, 9.33413215e-01, 9.33413215e-01,
       9.33584389e-01, 9.33584389e-01, 9.33926737e-01, 9.33926737e-01,
       9.34440260e-01, 9.34440260e-01, 9.34611434e-01, 9.34611434e-01,
       9.35296131e-01, 9.35296131e-01, 9.36323177e-01, 9.36323177e-01,
       9.36836700e-01, 9.36836700e-01, 9.37692571e-01, 9.37692571e-01,
       9.38206094e-01, 9.38206094e-01, 9.38377268e-01, 9.38377268e-01,
       9.38548442e-01, 9.38548442e-01, 9.39233139e-01, 9.39233139e-01,
       9.39404314e-01, 9.39404314e-01, 9.40260185e-01, 9.40260185e-01,
       9.40602533e-01, 9.40602533e-01, 9.41458405e-01, 9.41458405e-01,
       9.41800753e-01, 9.41800753e-01, 9.41971927e-01, 9.41971927e-01,
       9.42314276e-01, 9.42314276e-01, 9.42656624e-01, 9.42656624e-01,
       9.44026018e-01, 9.44026018e-01, 9.45395413e-01, 9.45395413e-01,
       9.45566587e-01, 9.45566587e-01, 9.45737761e-01, 9.45737761e-01,
       9.45908935e-01, 9.45908935e-01, 9.47963026e-01, 9.47963026e-01,
       9.48134201e-01, 9.48134201e-01, 9.48476549e-01, 9.48476549e-01,
       9.48818898e-01, 9.48818898e-01, 9.48990072e-01, 9.48990072e-01,
       9.49845943e-01, 9.49845943e-01, 9.50530640e-01, 9.50530640e-01,
       9.50701814e-01, 9.50701814e-01, 9.52413557e-01, 9.52413557e-01,
       9.52755906e-01, 9.52755906e-01, 9.53098254e-01, 9.53098254e-01,
       9.53611777e-01, 9.53611777e-01, 9.54296474e-01, 9.54296474e-01,
       9.54467648e-01, 9.54467648e-01, 9.55494694e-01, 9.55494694e-01,
       9.55837042e-01, 9.55837042e-01, 9.56008216e-01, 9.56008216e-01,
       9.56521739e-01, 9.56521739e-01, 9.57035262e-01, 9.57035262e-01,
       9.57206436e-01, 9.57206436e-01, 9.57891133e-01, 9.57891133e-01,
       9.58062307e-01, 9.58062307e-01, 9.58233482e-01, 9.58233482e-01,
       9.58575830e-01, 9.58575830e-01, 9.58747004e-01, 9.58747004e-01,
       9.58918179e-01, 9.58918179e-01, 9.59089353e-01, 9.59089353e-01,
       9.59774050e-01, 9.59774050e-01, 9.59945224e-01, 9.59945224e-01,
       9.60116398e-01, 9.60116398e-01, 9.60458747e-01, 9.60458747e-01,
       9.61143444e-01, 9.61143444e-01, 9.62512838e-01, 9.62512838e-01,
       9.62684012e-01, 9.62684012e-01, 9.62855187e-01, 9.62855187e-01,
       9.63026361e-01, 9.63026361e-01, 9.63197535e-01, 9.63197535e-01,
       9.63368709e-01, 9.63368709e-01, 9.64053406e-01, 9.64053406e-01,
       9.64395755e-01, 9.64395755e-01, 9.64566929e-01, 9.64566929e-01,
       9.64738103e-01, 9.64738103e-01, 9.64909278e-01, 9.64909278e-01,
       9.65080452e-01, 9.65080452e-01, 9.65422800e-01, 9.65422800e-01,
       9.65593975e-01, 9.65593975e-01, 9.65765149e-01, 9.65765149e-01,
       9.65936323e-01, 9.65936323e-01, 9.66449846e-01, 9.66449846e-01,
       9.67134543e-01, 9.67134543e-01, 9.67305717e-01, 9.67305717e-01,
       9.67819240e-01, 9.67819240e-01, 9.68161588e-01, 9.68161588e-01,
       9.68503937e-01, 9.68503937e-01, 9.68675111e-01, 9.68675111e-01,
       9.69017460e-01, 9.69017460e-01, 9.69188634e-01, 9.69188634e-01,
       9.69530983e-01, 9.69530983e-01, 9.69702157e-01, 9.69702157e-01,
       9.69873331e-01, 9.69873331e-01, 9.70044505e-01, 9.70044505e-01,
       9.70215680e-01, 9.70215680e-01, 9.70386854e-01, 9.70386854e-01,
       9.70900377e-01, 9.70900377e-01, 9.71071551e-01, 9.71071551e-01,
       9.71242725e-01, 9.71242725e-01, 9.71413899e-01, 9.71413899e-01,
       9.71585074e-01, 9.71585074e-01, 9.71756248e-01, 9.71756248e-01,
       9.72098596e-01, 9.72098596e-01, 9.72783293e-01, 9.72783293e-01,
       9.72954468e-01, 9.72954468e-01, 9.73296816e-01, 9.73296816e-01,
       9.73467990e-01, 9.73467990e-01, 9.73639165e-01, 9.73639165e-01,
       9.73810339e-01, 9.73810339e-01, 9.73981513e-01, 9.73981513e-01,
       9.74152687e-01, 9.74152687e-01, 9.74323862e-01, 9.74323862e-01,
       9.74837384e-01, 9.74837384e-01, 9.75008559e-01, 9.75008559e-01,
       9.75179733e-01, 9.75179733e-01, 9.75350907e-01, 9.75350907e-01,
       9.75693256e-01, 9.75693256e-01, 9.75864430e-01, 9.75864430e-01,
       9.76035604e-01, 9.76035604e-01, 9.76206779e-01, 9.76206779e-01,
       9.76549127e-01, 9.76549127e-01, 9.76891476e-01, 9.76891476e-01,
       9.77062650e-01, 9.77062650e-01, 9.77576173e-01, 9.77576173e-01,
       9.77747347e-01, 9.77747347e-01, 9.78260870e-01, 9.78260870e-01,
       9.78432044e-01, 9.78432044e-01, 9.78603218e-01, 9.78603218e-01,
       9.78945567e-01, 9.78945567e-01, 9.79116741e-01, 9.79116741e-01,
       9.79287915e-01, 9.79287915e-01, 9.79459089e-01, 9.79459089e-01,
       9.79630264e-01, 9.79630264e-01, 9.79801438e-01, 9.79801438e-01,
       9.79972612e-01, 9.79972612e-01, 9.80143786e-01, 9.80143786e-01,
       9.80314961e-01, 9.80314961e-01, 9.80657309e-01, 9.80657309e-01,
       9.80828483e-01, 9.80828483e-01, 9.80999658e-01, 9.80999658e-01,
       9.81170832e-01, 9.81170832e-01, 9.81342006e-01, 9.81342006e-01,
       9.81684355e-01, 9.81684355e-01, 9.81855529e-01, 9.81855529e-01,
       9.82026703e-01, 9.82026703e-01, 9.82197877e-01, 9.82197877e-01,
       9.82369052e-01, 9.82369052e-01, 9.82540226e-01, 9.82540226e-01,
       9.82711400e-01, 9.82711400e-01, 9.82882574e-01, 9.82882574e-01,
       9.83053749e-01, 9.83053749e-01, 9.83224923e-01, 9.83224923e-01,
       9.83396097e-01, 9.83396097e-01, 9.83567271e-01, 9.83567271e-01,
       9.83909620e-01, 9.83909620e-01, 9.84080794e-01, 9.84080794e-01,
       9.84251969e-01, 9.84251969e-01, 9.84423143e-01, 9.84423143e-01,
       9.84594317e-01, 9.84594317e-01, 9.84765491e-01, 9.84765491e-01,
       9.84936666e-01, 9.84936666e-01, 9.85107840e-01, 9.85107840e-01,
       9.85279014e-01, 9.85279014e-01, 9.85792537e-01, 9.85792537e-01,
       9.85963711e-01, 9.85963711e-01, 9.86134885e-01, 9.86134885e-01,
       9.86306060e-01, 9.86306060e-01, 9.86477234e-01, 9.86477234e-01,
       9.86648408e-01, 9.86648408e-01, 9.86819582e-01, 9.86819582e-01,
       9.86990757e-01, 9.86990757e-01, 9.87161931e-01, 9.87161931e-01,
       9.87333105e-01, 9.87333105e-01, 9.87504279e-01, 9.87504279e-01,
       9.87675454e-01, 9.87675454e-01, 9.87846628e-01, 9.87846628e-01,
       9.88017802e-01, 9.88017802e-01, 9.88188976e-01, 9.88188976e-01,
       9.88360151e-01, 9.88360151e-01, 9.88531325e-01, 9.88531325e-01,
       9.88702499e-01, 9.88702499e-01, 9.88873673e-01, 9.88873673e-01,
       9.89216022e-01, 9.89216022e-01, 9.89387196e-01, 9.89387196e-01,
       9.89558370e-01, 9.89558370e-01, 9.89729545e-01, 9.89729545e-01,
       9.89900719e-01, 9.89900719e-01, 9.90071893e-01, 9.90071893e-01,
       9.90243067e-01, 9.90243067e-01, 9.90414242e-01, 9.90414242e-01,
       9.90585416e-01, 9.90585416e-01, 9.90756590e-01, 9.90756590e-01,
       9.90927764e-01, 9.90927764e-01, 9.91098939e-01, 9.91098939e-01,
       9.91270113e-01, 9.91270113e-01, 9.91441287e-01, 9.91441287e-01,
       9.91612461e-01, 9.91612461e-01, 9.91783636e-01, 9.91783636e-01,
       9.91954810e-01, 9.91954810e-01, 9.92125984e-01, 9.92125984e-01,
       9.92297159e-01, 9.92297159e-01, 9.92468333e-01, 9.92468333e-01,
       9.92639507e-01, 9.92639507e-01, 9.92810681e-01, 9.92810681e-01,
       9.92981856e-01, 9.92981856e-01, 9.93153030e-01, 9.93153030e-01,
       9.93324204e-01, 9.93324204e-01, 9.93495378e-01, 9.93495378e-01,
       9.93666553e-01, 9.93666553e-01, 9.93837727e-01, 9.93837727e-01,
       9.94008901e-01, 9.94008901e-01, 9.94180075e-01, 9.94180075e-01,
       9.94351250e-01, 9.94351250e-01, 9.94522424e-01, 9.94522424e-01,
       9.94693598e-01, 9.94693598e-01, 9.94864772e-01, 9.94864772e-01,
       9.95035947e-01, 9.95035947e-01, 9.95207121e-01, 9.95207121e-01,
       9.95378295e-01, 9.95378295e-01, 9.95549469e-01, 9.95549469e-01,
       9.95720644e-01, 9.95720644e-01, 9.95891818e-01, 9.95891818e-01,
       9.96062992e-01, 9.96062992e-01, 9.96234166e-01, 9.96234166e-01,
       9.96405341e-01, 9.96405341e-01, 9.96576515e-01, 9.96576515e-01,
       9.96747689e-01, 9.96747689e-01, 9.96918863e-01, 9.96918863e-01,
       9.97090038e-01, 9.97090038e-01, 9.97261212e-01, 9.97261212e-01,
       9.97432386e-01, 9.97432386e-01, 9.97603560e-01, 9.97603560e-01,
       9.97774735e-01, 9.97774735e-01, 9.97945909e-01, 9.97945909e-01,
       9.98117083e-01, 9.98117083e-01, 9.98288257e-01, 9.98288257e-01,
       9.98459432e-01, 9.98459432e-01, 9.98630606e-01, 9.98630606e-01,
       9.98801780e-01, 9.98801780e-01, 9.98972954e-01, 9.98972954e-01,
       9.99144129e-01, 9.99144129e-01, 9.99315303e-01, 9.99315303e-01,
       9.99486477e-01, 9.99486477e-01, 9.99657651e-01, 9.99657651e-01,
       9.99828826e-01, 9.99828826e-01, 1.00000000e+00, 1.00000000e+00]), 0.9961759557939202, array([0.20931566, 0.20928733, 0.20929483, ..., 1.        , 1.        ,
       1.        ]), array([1.00000000e+00, 9.99828826e-01, 9.99828826e-01, ...,
       3.42348511e-04, 1.71174255e-04, 0.00000000e+00]), 0.988534263860233, 49.27653884887695]"
5,"[0.9212447176334998, 0.8847076185205681, 0.9026065681754022, array([0.        , 0.        , 0.        , ..., 0.99849654, 1.        ,
       1.        ]), array([0.00000000e+00, 1.84467810e-04, 1.91846523e-02, ...,
       9.99815532e-01, 9.99815532e-01, 1.00000000e+00]), 0.9799901442724457, array([0.15051226, 0.15048867, 0.15049285, ..., 1.        , 1.        ,
       1.        ]), array([1.00000000e+00, 9.99815532e-01, 9.99815532e-01, ...,
       3.68935621e-04, 1.84467810e-04, 0.00000000e+00]), 0.947398628673457, 55.89248728752136]"
6,"[0.923567948933311, 0.9290300777289625, 0.9262909611658665, array([0.        , 0.        , 0.        , ..., 0.78465725, 0.78465725,
       1.        ]), array([0.00000000e+00, 1.68976005e-04, 2.92328489e-02, ...,
       9.99831024e-01, 1.00000000e+00, 1.00000000e+00]), 0.9913583905868942, array([0.17314725, 0.17312306, 0.17312813, ..., 1.        , 1.        ,
       1.        ]), array([1.00000000e+00, 9.99831024e-01, 9.99831024e-01, ...,
       3.37952011e-04, 1.68976005e-04, 0.00000000e+00]), 0.9692345398100711, 66.47285676002502]"
7,"[0.9471330458393228, 0.9465283320031923, 0.9468305923678748, array([0.        , 0.        , 0.        , ..., 0.80746393, 0.80746393,
       1.        ]), array([0.00000000e+00, 1.59616919e-04, 1.99521149e-02, ...,
       9.99840383e-01, 1.00000000e+00, 1.00000000e+00]), 0.9960520095754927, array([0.15613318, 0.15611215, 0.15611604, ..., 1.        , 1.        ,
       1.        ]), array([1.00000000e+00, 9.99840383e-01, 9.99840383e-01, ...,
       3.19233839e-04, 1.59616919e-04, 0.00000000e+00]), 0.9814560867681137, 82.65742611885071]"
8,"[0.7582902050987157, 0.676123739531704, 0.714853632092519, array([0.00000000e+00, 0.00000000e+00, 2.07468880e-05, ...,
       9.94875519e-01, 9.94875519e-01, 1.00000000e+00]), array([0.00000000e+00, 1.70910955e-04, 1.70910955e-04, ...,
       9.99829089e-01, 1.00000000e+00, 1.00000000e+00]), 0.9366960536589484, array([0.10874656, 0.10873   , 0.10873202, ..., 0.5       , 1.        ,
       1.        ]), array([1.00000000e+00, 9.99829089e-01, 9.99829089e-01, ...,
       1.70910955e-04, 1.70910955e-04, 0.00000000e+00]), 0.7687528755965582, 89.36300611495972]"
9,"[0.8018018018018018, 0.792906370818625, 0.7973292765382015, array([0.        , 0.        , 0.        , ..., 0.96671662, 0.96671662,
       1.        ]), array([0.00000000e+00, 1.68095478e-04, 6.72381913e-04, ...,
       9.99831905e-01, 1.00000000e+00, 1.00000000e+00]), 0.9734544613470106, array([0.10221474, 0.10219931, 0.10220107, ..., 1.        , 1.        ,
       1.        ]), array([1.00000000e+00, 9.99831905e-01, 9.99831905e-01, ...,
       3.36190956e-04, 1.68095478e-04, 0.00000000e+00]), 0.8444680870169656, 103.44496631622314]"
